{
  "camera_matrix": [
    [
      6756.716594916304,
      0.0,
      1420.1189257591159
    ],
    [
      0.0,
      6758.892108033326,
      2046.997235369885
    ],
    [
      0.0,
      0.0,
      1.0
    ]
  ],
  "dist_coeffs": [
    [
      -0.33034166827974165,
      19.365466108403417,
      -0.002020371605395937,
      -0.0007302900654595275,
      -270.4097127573014
    ]
  ],
  "perspective_matrix": [
    [
      -1.6071818867604668,
      -0.7695448422756268,
      1613.0688174486506
    ],
    [
      -1.0974666685333836,
      -2.3456698149798543,
      2841.0832469793913
    ],
    [
      -0.0008352419181231614,
      -0.0008898219357905524,
      1.0
    ]
  ],
  "perspective_ref_size_mm": 25.0,
  "pixel_per_mm": 82.45503743489583
}